Name,Email,Type,Country,Flag,Edition,Onboarded,Discord ID,Discord Username,Team Name,Teammate
Mustafa  Kunt,mustafa.kunt2@icloud.com,spectator,,,0,No,1146928197347328050,mustafakunt.,,
Mert Özsoy,mert.ozsoy77@outlook.com,spectator,,,0,No,336833122777825284,mertcrypt0,,
Mathis,mathis.skipper+discord@proton.me,spectator,France,,0,Yes,913455470696595526,mathis_btc,,
Adri Loubser,adri.baard@gmail.com,spectator,,,0,No,1495703956859650199,mentia_za,,
Youngjin Lee,yjlee0235@naver.com,spectator,,,0,No,294129093006458881,iyongjin5509,,
Chinmayee Hota,chinmayee.hota12@gmail.com,spectator,,,0,No,871972142005252117,chin1290,,
Krutika Kairav Domadia,krutika@thelifetrackr.com,spectator,,,0,No,1504132839791399133,krutikakairavdomadia,,
Apoorva Sooranahalli,apoorva1901@gmail.com,spectator,,,0,No,700866322548129882,grimmjow19,,
Thaiha Nguyen,nguyen.thaiha@hotmail.com,spectator,,,0,No,1477251988571029515,thaihangyn,,
Upanisha,upanishad.g@gmail.com,spectator,,,0,No,,,,
alpere,alpereninyeri@yandex.com,spectator,,,0,No,278216723834994689,alpere,,
Neha,nehaganesh6959@gmail.com,spectator,,,0,No,,,,
Manas,manaslucifercr7@gmail.com,spectator,,,0,No,,,,
Balaji Venkatesan,bvkatsubs@gmail.com,spectator,,,0,No,335423600574332928,balaji04135,,
Kabir Arora,kabir.awesome@gmail.com,spectator,,,0,No,,,,
Nandhana,nandhanashri04@gmail.com,spectator,,,0,No,,,,
pranali,shejalepranali@gmail.com,spectator,,,0,No,,,,
Atharva,kaabilengineer2003@gmail.com,spectator,,,0,No,,,,
Madhumitta,madhumitta92@gmail.com,spectator,,,0,No,,,,
Harshaan Nihal khan,harshaan.n.khan@gmail.com,spectator,,,0,No,,,,
person,test@test.com,spectator,,,0,No,,,,
Dehan Li,im.lidehan@gmail.com,spectator,,,0,No,944092339612303441,lidehan,,
Han,mrchua4896@gmail.com,spectator,,,0,No,217277770038771712,w_han,,
Stephane Laurent Villedieu,stephane.l.villedieu@gmail.com,spectator,,,0,No,,,,
Aaditya Sharma,v5comp1@viber5.local,competitor,,,0,Yes,,aaditya_911.,,
Allen Joseph,v5comp2@viber5.local,competitor,India,,0,Yes,,allenjosephaj,AlphaQ,
Ameesha Agrawal,v5comp3@viber5.local,competitor,India,,0,Yes,,ameeshaagrawal,Get your match 😎,
Amerta Jawahar,v5comp4@viber5.local,competitor,Pakistan,,0,Yes,,ajhere111,AlphaQ,
Anjela Petkova,v5comp5@viber5.local,competitor,,,0,Yes,,angel_marketing,,
Aravind Ranganathan,v5comp6@viber5.local,competitor,,,0,Yes,,arangana5,Fantastic Duo,
Bobby D,v5comp7@viber5.local,competitor,United States,,0,Yes,,ubobby_,Aura,
Jaideep Singh Pannu,v5comp8@viber5.local,competitor,Malaysia,,0,Yes,,.cerave.,nikkiLAUDA,
Jonathan Foltz,v5comp9@viber5.local,competitor,United States,,0,Yes,,raininthemaking,Aura,
Kwesi Strydom,v5comp10@viber5.local,competitor,France,,0,Yes,,kwesi_2807,,
Mahadeep Ray,v5comp11@viber5.local,competitor,India,,0,Yes,,its0xray,Get your match 😎,
sarazhang1218,v5comp12@viber5.local,competitor,,,0,Yes,,sarazhang1218,,
Srikant Tripathi,v5comp13@viber5.local,competitor,India,,0,Yes,,srikant2839,nikkiLAUDA,
Upanisha,v5comp14@viber5.local,competitor,,,0,Yes,,,Fantastic Duo,
jd,v5comp15@viber5.local,competitor,United States,,0,Yes,,futureray,Team 3,
Manas Ayare,v5comp16@viber5.local,competitor,India,,0,Yes,,manasayare,Team 3,
Dongjun Lee,v5comp17@viber5.local,competitor,South Korea,,0,Yes,,idongjoon,Team 4,
Aditya Vandkar,v5comp18@viber5.local,competitor,India,,0,Yes,,rashgod10,Team 5,
Coenraad Loubser,v5comp19@viber5.local,competitor,South Africa,,0,Yes,,dagelf,Team 5,
Ateet Tiwari,v5comp20@viber5.local,competitor,India,,0,Yes,,zorooroo,Team 6,
Joshua Eber Robertson,v5comp21@viber5.local,competitor,United States,,0,Yes,,robertson_josh,Team 6,
aumpagar3064,v5comp22@viber5.local,competitor,India,,0,Yes,,aumpagar3064,Team 7,
pay mehr,v5comp23@viber5.local,competitor,United States,,0,Yes,,getdaypay_68525,Team 7,
Ashley Olika,v5comp24@viber5.local,competitor,Nigeria,,0,Yes,,ashleyolika,Team 8,
Joran Saillier,v5comp25@viber5.local,competitor,Belgium,,0,Yes,,js000000.,Team 8,
Alejandro Gutierrez,v5comp26@viber5.local,competitor,Colombia,,0,Yes,,o4happiness,Team 10,
Ugnius Motiejunas,v5comp27@viber5.local,competitor,Lithuania,,0,Yes,,ugnius159,Team 10,
Ansel Lim,v5comp28@viber5.local,competitor,Singapore,,0,Yes,,ansel314159,Team 11,
Muhtasim Shahriyer,v5comp29@viber5.local,competitor,Bangladesh,,0,Yes,,ingeniousartist,Team 11,
Megana Martinsone,v5comp30@viber5.local,competitor,Latvia,,0,Yes,,megan_dm,Team 13,
preet,v5comp31@viber5.local,competitor,India,,0,Yes,,preetmpc,Team 13,
Aditya Raj Jain,v5comp32@viber5.local,competitor,India,,0,Yes,,adityaastro,Team 14,
Shivangi Garg,v5comp33@viber5.local,competitor,India,,0,Yes,,shivangi00953,Team 14,
kavana_v,v5comp34@viber5.local,competitor,India,,0,Yes,,kavana_v,Team 15,
Yusuf kaya,v5comp35@viber5.local,competitor,Turkey,,0,Yes,,kayayusuf,Team 15,
Eric Mockler,v5comp36@viber5.local,competitor,United States,,0,Yes,,mocklee,Team 16,
RK (somerandomkid),v5comp37@viber5.local,competitor,United States,,0,Yes,,somerandomkid,Team 18,
Tanuj Vijay Baware,v5comp38@viber5.local,competitor,,,0,Yes,,spyderweb.,Team 18,
Björn Öste,screamfaxctr@gmail.com,competitor,,,4,No,410668042981343232,byornoste,,
zalax0077,parthdhaduk2701@gmail.com,competitor,,,4,No,1060525375446335499,zalax0077,,
Heidi Forbes Öste,heidi@forbesoste.com,competitor,,,4,No,1118496187650158634,4bsuste,,
anhial,nhialtuongajoh@gmail.com,competitor,,,4,No,1033747210019541142,anhial,,
freshpantstwox,antsantoro17@gmail.com,competitor,,,4,No,259803193087623168,freshpantstwox,,
Craig Davison,craig@davison.io,competitor,,,4,No,187978670298759168,craigdavison,,
lu_bish_30165,noevafoundation@proton.me,competitor,,,4,No,1465085606613745837,lu_bish_30165,,
Aastha Sood,aasthasood1999@gmail.com,competitor,,,4,No,1496480591510638652,aasthasood0397,,
Alison Cheung,copylion+discord@gmail.com,competitor,,,4,No,463521302720937995,0xluden,,
Silas Fisher,silasfisher@hotmail.com,competitor,,,4,No,764384415035031553,stiffler7708,,
JP Fleming,jpfleming101@gmail.com,competitor,,,4,No,425764808109981697,lolapenny,,
melissanode,boonsristudio@gmail.com,competitor,,,4,No,1069485795855052850,melissanode,,
pinkmacaroni,ardahatay17@gmail.com,competitor,,,4,No,720052933273583760,pinkmacaroni,,
sbm_canada,solene.buxo@gmail.com,competitor,,,4,No,1161423647970443294,sbm_canada,,
fritz.dvl,fritz.dvl@gmail.com,competitor,,,4,No,696082251754242200,fritz.dvl,,
Sudharshan,matchdegrees@gmail.com,competitor,,,4,No,538013735294599222,markvanthaan,,
blurryfacefun,arnav29104@gmail.com,competitor,,,4,No,611143412720074752,blurryfacefun,,
Jess Furman,jdfurman@gmail.com,competitor,,,4,No,896084182038618132,.simonesays,,
ed2560.,emilycdale@gmail.com,competitor,,,4,No,1147211430605631653,ed2560.,,
harshika0620,1432400422877925528@discord.ns,competitor,,,4,No,1432400422877925528,harshika0620,,
kovidbhaduri,amikovid@gmail.com,competitor,,,4,No,418621436975120405,kovidbhaduri,,
Jalen Nelson,jalendnelson@gmail.com,competitor,,,4,No,829763402795843594,jn3821,,
Daksh Dhawan,dakshdhawan08@gmail.com,competitor,,,4,No,1062924381233352746,dakshdvn,,
Silver Chao,silverchao281@gmail.com,spectator,,,4,No,1497233781872922776,silver.chao,,
Nivedan Rathi,nivedanrathi93@gmail.com,competitor,,,4,No,782923052354502697,nivedan,,
Harshith Yarlagadda,y_harshi_11@yahoo.in,competitor,,,4,No,1496416103331528704,hy020,,
Rishabh Sweet,rishabsweet6379@gmail.com,spectator,,,4,No,710173001710174348,rishabh1919,,
Anmol Agrawal,anmolagrawalca@gmail.com,spectator,,,4,No,1491349229841420389,anmolagrawal_93013,,
Yukta Rajpal,yuktarajpal09@gmail.com,spectator,,,4,No,920584156524720178,yuktarajpal,,
Izzy Bizzy,izzyxzee@gmail.com,spectator,,,4,No,1290578087024529473,f5feet1,,
garv.svg,contact.gaurav.svg@gmail.com,spectator,,,4,No,1250322600979071043,garv.svg,,
austenclark.,1473287559206535249@discord.ns,spectator,,,4,No,1473287559206535249,austenclark.,,
Krisanne King,krisannecreates@gmail.com,spectator,,,4,No,1464891903601545287,strikingkitsune,,
Kutaibah Halima,kutaibah@gmail.com,spectator,,,4,No,647085314334130206,.kuatibah,,
Chirag Gupta,chirag@boloforms.com,spectator,,,4,No,1144098790647791617,chigup36,,
Aashvi Sanghvi,aashvi@studiobackspace.com,spectator,,,4,No,1480977898432106647,aashvi.sanghvi,,
aman068948,1234628065070678041@discord.ns,spectator,,,4,No,1234628065070678041,aman068948,,
Jon Myers,jon@jonmyers.com,spectator,,,4,No,288190919336001536,_roguejedi,,
Sissi Wang,sissi@ideamatch.ai,spectator,,,4,No,1402486077737926747,sissi_ninja,,
rrominarr,1919romina@gmail.com,spectator,,,4,No,1276588645783961690,rrominarr,,
johnatboid,john@boid.com,spectator,,,4,No,421879034503233567,johnatboid,,
Asif Ansari,asif.000@gmail.com,spectator,,,4,No,831998875367637012,as1fansar1,,
nisso.nurova,nisso.nurova@gmail.com,spectator,,,4,No,1497408375003287762,nisso.nurova,,
latinavibe,sandra.anytime.badalona@gmail.com,spectator,,,4,No,1488449944728764416,latinavibe,,
Talisa Chelick,talisachelick@gmail.com,spectator,,,4,No,1346175218917310485,tchelick,,
Lia Jun,liabia927@gmail.com,spectator,,,4,No,1477856023485091900,liajun27,,
Paresh,pareshdeshmukh01@gmail.com,spectator,,,4,No,,,,
Erin Engelmann,eee38@georgetown.edu,spectator,,,4,No,911776892284190750,erinengelmann,,
Oookkk,jkhggghhoku@gmail.com,spectator,,,4,No,,,,
therealbytes,therealbyt3s@gmail.com,spectator,,,4,No,993900749018910722,therealbytes,,
Apoorva Banvir,apoorvabanvir@hotmail.com,spectator,,,4,No,1496932532107739147,apoorvabanvir,,
Trashika Rawat,smilestyletrashika@gmail.com,spectator,,,4,No,1155832430234697829,trashikarawat,,
Leanne,isa.mathew.v@gmail.com,spectator,,,4,No,,,,
John,johnclarke3214@gmail.com,spectator,,,4,No,,,,
hmsoste,hmsoste@gmail.com,spectator,,,4,No,1410997561401282651,hmsoste,,
Orlando Loris Konrad Eisenreich,orlando.eisenreich@gmail.com,spectator,,,4,No,422234172619358208,.orli.eth,,
Ethereum NS,rugula@protonmail.com,spectator,,,4,No,394919909454512138,kosmostasis,,
Veronica S,ronilubofsky@gmail.com,spectator,,,4,No,952635569790410862,hexatteck,,
Precious Udoeka Godfrey,thatscriptwriter@gmail.com,spectator,,,4,No,766396487210369024,web3precious,,
Marie,swaggymarie@proton.me,spectator,,,4,No,,,,
Sanket Bajaj,sanket@viableideas.co,spectator,,,4,No,1494252407696130089,sanketbajaj9090,,
Niranjan Vensimal,niranjancapital@icloud.com,spectator,,,4,No,1477926182929305814,fox078578,,
Disha Thakur,doitdisha@gmail.com,spectator,,,4,No,860877547579768863,disha1236,,
Dave,patternplayer@proton.me,spectator,,,4,No,,,,
Andrey Razumovsky,ondrey2026@gmail.com,spectator,,,4,No,1489795708595732520,ondrey2026,,
ustunb,ustunbk@gmail.com,spectator,,,4,No,1465094416871194806,ustunb,,
Ben,ben-tu6702@viberkids.local,competitor,,,4,No,,,,
Michael,michael-cwnuoi@viberkids.local,competitor,,,4,No,,,,
Elisa,elisa-99zl63@viberkids.local,spectator,,,4,No,,,,
Stephane,stephane-y5uq19@viberkids.local,spectator,,,4,No,,,,
Debby,debby-lgru12@viberkids.local,competitor,,,4,No,,,,
nickhal,nickhalphide@gmail.com,competitor,United States,🇺🇸,5,Yes,309533013455273987,nickhal,,
Zine N,levitating@gmail.com,competitor,Canada,🇨🇦,5,Yes,114209800333688838,drakenkin,,
M4tsuri,me@m4tsuri.com,competitor,China,🇨🇳,5,Yes,842921122269233163,m4tsuri.,,
Hamza,hamzamesutozsoy@hotmail.com,competitor,Turkey,🇹🇷,5,Yes,406090834560155649,hanzthehuman,,
Debby,deborah.chin89@gmail.com,spectator,Australia,🇦🇺,5,Yes,,,,
anonymous,kwesi.strydom@protonmail.com,competitor,,,5,No,964457738098843648,kwesi_2807,,
Supawadee Parako,supawadee.30052529@gmail.com,spectator,,,5,No,,,,
Kwesi Strydom,kwesistrydom@gmail.com,spectator,,,5,No,,,,
Stephane LV,stephane@riodefi.com,spectator,France,🇫🇷,5,Yes,,,,
sanketh chebbi,sankethchebbi@gmail.com,competitor,India,🇮🇳,5,No,,,,
Kamil,kamil.ryszkowski@gmail.com,spectator,,,5,No,,,,
Alex Yun,thisishaoyu@gmail.com,competitor,United States,🇺🇸,5,Yes,,,,
Derrick Siu,superflyasia@gmail.com,spectator,,,5,No,,,,
Sparks,qiuhanli.sparks@gmail.com,spectator,,,5,No,,,,
Susanne Albiez,susanne.albiez@gmail.com,competitor,Switzerland,🇨🇭,5,Yes,,,,
Jonathan Foltz,jonathan@thecollective.xyz,competitor,United States,🇺🇸,5,Yes,,,,
Abhishek Raol,abhi@sheklabs.com,competitor,United States,🇺🇸,5,No,,,,
Marie,rimatuason@gmail.com,competitor,Philippines,🇵🇭,5,Yes,,,,
Nathaniel Potrepka,nspotrepka@gmail.com,competitor,United States,🇺🇸,5,Yes,,,,
adityadewan022,callmedewan@gmail.com,competitor,India,🇮🇳,5,Yes,635068723736346635,adityadewan022,,
Feyyaz Numan Cavlak,feyyazcavlak@outlook.com,competitor,Turkey,🇹🇷,5,Yes,582330565760385044,feyyazcigim,,
Mohammad Afjal,afjal321@gmail.com,spectator,,,5,No,,,,
Micks,discord.frighten845@passmail.net,competitor,China,🇨🇳,5,Yes,1516837143647883316,kira_micks,,
Coenraad Loubser,coenraad@wish.org.za,competitor,South Africa,🇿🇦,5,No,,,,
infamous,cr33dcode@gmail.com,competitor,,,5,No,,,,
aki,bakshit13@yahoo.com,competitor,India,🇮🇳,5,Yes,737934645269889024,akshit7996,,
Aishia,aishia2104@gmail.com,competitor,India,🇮🇳,5,Yes,,,,
Blad Moreno,bladmoreno@gmail.com,competitor,Venezuela,🇻🇪,5,Yes,319142965584986112,bladmoreno,,
adampang.com,adamtpangelinan@gmail.com,spectator,,,5,No,,,,
Adam Nasri,adam2d3d@gmail.com,competitor,France,🇫🇷,5,Yes,,,,
Rushvi Sharma,rushvisharma22@gmail.com,competitor,India,🇮🇳,5,Yes,,,,
Mantra Patel,mantra1077@gmail.com,competitor,India,🇮🇳,5,Yes,,,,
Insha Ramin,insharamin34@gmail.com,competitor,India,🇮🇳,5,Yes,,,,
Aditya Vora,adityavora16@gmail.com,spectator,,,5,No,,,,
Bilal Saeed,bilalsaeedahmed1@gmail.com,competitor,United Arab Emirates,🇦🇪,5,Yes,,,,
Artem Sharikov,shart37@gmail.com,competitor,Russia,🇦🇪,5,Yes,857583513893208075,raccoon_neuer,,
Vihan Singh,vihan13singh@gmail.com,competitor,India,🇮🇳,5,Yes,,,,
Ekaterina Soboleva,sobolevakate125@gmail.com,competitor,Russia,🇷🇺,5,Yes,1459973274959089848,katesoboleva,,
Piyush Kalra,kalra.piyush@gmail.com,competitor,India,🇮🇳,5,No,,,,
Rk,ramanujansrinivasan7@gmail.com,competitor,Singapore,🇸🇬,5,Yes,,,,
Shah Rukh Ghazaan,shahrukhghazaan@gmail.com,competitor,Pakistan,🇵🇰,5,Yes,,,,
Taras Zaets,zaetstaras13@gmail.com,competitor,Russia,🇷🇺,5,Yes,,,,
Irtiza Naseer,info.socialknocks@gmail.com,competitor,Pakistan,🇵🇰,5,Yes,,,,
Abhishek Raol,abhishek.raol@gmail.com,spectator,,,5,No,800510049368670258,abhishekraol,,
Vishvesh Pandya,1515336124799779068@discord.ns,competitor,India,🇮🇳,5,Yes,1515336124799779068,vishvesh0879,,
Aravind Ranganathan,aravind@niti.ai,spectator,,,5,No,,,,
Gaurav Jain,gauravjainswm@gmail.com,spectator,,,5,No,1516711976859078689,vampiwtf,,
Samyak Jain,samandrews963@gmail.com,spectator,,,5,No,,,,
Aravind Balla,hey@balla.dev,spectator,,,5,No,939870608081182750,aravindballa,,
Abdul Haseeb,haseebmemon877@gmail.com,spectator,,,5,No,,,,
Aditya Dewan,adityadewan022@gmail.com,spectator,,,5,No,,,,