Edition,Edition Number,Placement,App Name,Team Name,Team Members,App URL,Description,Thumbnail URL
Viber FIFA World Cup,0,1,World Cup Aura,Bobby D & Jonathan Foltz,Bobby D | Jonathan Foltz,https://WorldCupAura.replit.app,Turn your selfie into a legendary fan card. Pick your nation. Reveal your power level.,https://i.postimg.cc/KYRW7pz0/Screenshot-2026-06-19-at-8-38-13-AM.png
Viber FIFA World Cup,0,2,SolStars,Team 15,kavana_v | Yusuf kaya,https://solstars.vercel.app/,"A football card collection game built on Solana — rip packs, own cards, battle on-chain.",https://i.postimg.cc/1RLpCCz6/Screenshot-2026-06-19-at-20-17-20.png
Viber FIFA World Cup,0,3,Fifa Chess,Team 18,RK (somerandomkid) | Tanuj Vijay Baware,https://fifachess.replit.app,Football meets chess in a strategic World Cup showdown.,https://i.postimg.cc/y8ZBhTdz/3cf5fc6e-30da-4aec-b0fc-36c2116ff432.png
Viber FIFA World Cup,0,4,FIFA Cards Clash,Fantastic Duo,Aravind Ranganathan | Upanisha,https://fifa-card-clash.lovable.app/,"Collect, clash and conquer with your ultimate FIFA card deck.",https://i.postimg.cc/fLX06d5j/fifa-card-clash-thumbnail.png
Viber 4,4,1,Temu Therapist,Team 4,Dongjun Lee,https://temu-therapist.netlify.app/,Solve your problems with Temu therapy. The crowd favourite of Viber 4.,https://encrypted-tbn0.gstatic.com/images?q=tbn:ANd9GcQb-XEpiqQOcLIuIQiOUBsDDTsJ5ruVOlgZdg&s
Viber 4,4,2,Social Credit Scanner,Team 3,jd | Manas Ayare,https://noevafoundation.github.io/idea-2/,The Ministry of Network States now offers civilian compliance assessments. Aim. Scan. Receive sentencing.,https://i.postimg.cc/NfyxmRvn/PHOTO-2026-05-16-05-02-37.jpg
Viber 4,4,3,Neon Wushu Rush,Get your match,Ameesha Agrawal | Mahadeep Ray,https://neon-wushu-rush.replit.app/,"A wushu dancer races through a lantern-lit cyberpunk Chinese city, collecting glowing dance moves.",https://i.postimg.cc/FRqCtvtN/ig-0e6363237af030a7016a08640abeb881918f785005c4f55452.png
Viber Halloween,3,1,NS Red Flag Detector,Sara & Emily,Sara | Emily,https://flagfinder-ns.lovable.app/,We automated gossip. People at NS spend half their time figuring out who is legit. We built an AI that just tells you.,https://i.postimg.cc/5twMDwJV/NS-Red-Flag.png
Viber 2,2,1,NS News,Team Star,N/A (historical data not in export),https://v0-ns-news-hackathon-app.vercel.app/,NS news — a platform where everyone can announce anything about NS to the NS world.,https://i.postimg.cc/ydXDYjdt/366-D40-A6-EBBF-48-BD-8-B2-A-349-B6-FBB1-B6-B.jpg
Viber 2,2,2,Flappy Debbie,Pure Positivity,N/A (historical data not in export),https://flappy-fairy-copal.replit.app/,"Debbie is flying! Grab the Bitcoin, booze and poker chips while avoiding the pipes.",https://i.postimg.cc/qBhBZsvK/IMG-9083.jpg
Viber 2,2,3,NS Cup Relay,Team NSCUP RELAY,N/A (historical data not in export),https://chaos-runner-wd2147.replit.app/,An accurate representation of what the NS Cup Relay would have been.,"https://kubrick.htvapps.com/htv-prod-media.s3.amazonaws.com/ibmig/cms/image/wcvb/32126856-32126856.jpg?crop=1xw:0.93103448275862066xh;center,top&resize=900:*"
Viber 1,1,1,Sperm Racer,Jake & Andy,N/A (historical data not in export),https://spermracer.vercel.app/,Who at NS has the fastest sperm? The very first Viber champion.,https://excelivf.com/wp-content/uploads/2024/09/How-to-Make-Sperm-Stronger-for-a-Healthy-Pregnancy-Dr-Rhythm-Gupta-IVF-Specialist-in-Delhi-Excel-IVF-01.jpg
