#,Name,Email,Team Name,Teammate,Teammate Email,Country,Wallet,Discord Username,Discord ID,Payment Status,Payment Method,Payment Reference,Registered At
1,sanketh chebbi,sankethchebbi@gmail.com,,,,India,,,,pending,,,2026-06-29 06:20:25.941822+00
2,Alex Yun,thisishaoyu@gmail.com,,,,United States,,,,pending,cash,,2026-07-02 04:35:37.717109+00
3,Susanne Albiez,susanne.albiez@gmail.com,,,,Switzerland,,,,pending,cash,,2026-07-02 04:58:07.522136+00
4,Jonathan Foltz,jonathan@thecollective.xyz,,,,United States,,,,pending,cash,,2026-07-02 05:33:29.185054+00
5,Abhishek Raol,abhi@sheklabs.com,,,,United States,,,,pending,,,2026-07-03 06:51:30.195546+00
6,Marie,rimatuason@gmail.com,,,,Philippines,,,,pending,cash,,2026-07-08 07:51:18.928931+00
7,Nathaniel Potrepka,nspotrepka@gmail.com,,,,United States,,,,paid,crypto,https://solscan.io/tx/54D5QRNPjeH8NjBfbpB6TxpyK5T4chuCXo2MGGdg1R3P1wEqrNeLiJy44nkppSd9UU6swsNYQt6RZg5QYpLT6nEy,2026-07-09 05:19:47.786232+00
8,adityadewan022,callmedewan@gmail.com,,,,India,,adityadewan022,635068723736346635,pending,cash,,2026-07-10 09:00:45.735546+00
9,Feyyaz Numan Cavlak,feyyazcavlak@outlook.com,,,,Turkey,,feyyazcigim,582330565760385044,paid,crypto,https://solscan.io/tx/4hbD8iTiPmm4G3ujkKhNadAUqqow9MFkLkqe5FHBLjdngUyYjen1iWtrfhgAVD5HMHsWrwqnzp8p4Zp3HnA1ZpC9,2026-07-10 13:59:17.173076+00
10,nickhal,nickhalphide@gmail.com,,,,United States,,nickhal,309533013455273987,paid,crypto,https://solscan.io/tx/5G5ya9xdbmAnckTpYoCAVyBTe8A8zBWF4pxBcNLNF5QHziqCWqZkRgBErwm7rDSRbibpMQfT4dzajTKedMS76GUB,2026-07-11 05:53:54.650008+00
11,M4tsuri,me@m4tsuri.com,,,,China,,m4tsuri.,842921122269233163,paid,crypto,https://solscan.io/tx/3sxE79mHWEa2cjxbNgpGjQH5LVRAkD8w4S5K6HUYQoKpQwjbuThZajgWXcVeGHY9wP4MfgMuzn36woQpsRsjuVh7,2026-07-11 08:16:40.210956+00
12,Micks,discord.frighten845@passmail.net,,,,China,,kira_micks,1516837143647883316,paid,crypto,https://solascan.io/tx/5YaYJBoXHzw5tZmkiaGMXd7VK8kdLF2RtfE214gKjmV4rJaFrnReAeTubL48Wirapu5kBA52KVBFQRnmyJZ6bWYC,2026-07-11 08:19:39.640377+00
13,Coenraad Loubser,coenraad@wish.org.za,,,,South Africa,,,,pending,,,2026-07-11 08:42:05.244293+00
14,infamous,cr33dcode@gmail.com,,,,,,,,pending,,,2026-07-11 08:43:01.51742+00
15,aki,bakshit13@yahoo.com,,,,India,,akshit7996,737934645269889024,pending,cash,,2026-07-11 09:21:43.727171+00
16,Aishia,aishia2104@gmail.com,,,,India,,,,paid,crypto,https://solscan.io/tx/23s92BPNKMDCGes7nZQnMgafjGCrUpfZvxF88e8w58HjpCpBU9TRMAxopp5JSJpzk4jFG4c6SLtsX65uVq38AwiJ,2026-07-11 15:00:13.068142+00
17,Blad Moreno,bladmoreno@gmail.com,,,,Venezuela,,bladmoreno,319142965584986112,pending,cash,,2026-07-12 04:44:10.313147+00
18,Adam Nasri,adam2d3d@gmail.com,,,,France,,,,pending,cash,,2026-07-12 04:47:55.58592+00
19,Rushvi Sharma,rushvisharma22@gmail.com,,,,India,,,,pending,cash,,2026-07-12 04:54:14.087311+00
20,Mantra Patel,mantra1077@gmail.com,,,,India,,,,pending,cash,,2026-07-12 04:55:09.349007+00
21,Insha Ramin,insharamin34@gmail.com,,,,India,,,,paid,crypto,https://solscan.io/tx/2UPtsGnuPeLVPZ6GCLy6bSXNVHo6w38y4GLdGSkYqUK5ZYNucv7EKBzSwRQG7hrNfXXjnV27hri6s7dn3TzGRmqf,2026-07-12 04:56:31.467707+00
22,Zine N,levitating@gmail.com,,,,Canada,,drakenkin,114209800333688838,pending,cash,,2026-07-12 05:32:30.083364+00
23,Bilal Saeed,bilalsaeedahmed1@gmail.com,,,,United Arab Emirates,,,,pending,cash,,2026-07-12 06:09:26.840777+00
24,Hamza,hamzamesutozsoy@hotmail.com,,,,Turkey,,hanzthehuman,406090834560155649,paid,crypto,https://solscan.io/tx/4toTsrR9uhcAnWnFVtyucapGcTkZxB8BepSopBqBusTTm1twusNr4v1Tyxb1RX15q8CNYZuu4Ti7ifsp91zE9yig,2026-07-12 06:24:35.339159+00
25,Artem Sharikov,shart37@gmail.com,,,,Russia,,raccoon_neuer,857583513893208075,paid,crypto,5vCucr3mrUmfrNqfcAJ3CtDUrycVmHRoGNXF2s9RnhTpVxL1q7zZy3jmyw75WhNus2W8VKScQ2TiFjJRuU4ZEuh5,2026-07-12 07:16:22.466933+00
26,Vihan Singh,vihan13singh@gmail.com,,,,India,,,,pending,cash,,2026-07-12 08:03:36.605905+00
27,Piyush Kalra,kalra.piyush@gmail.com,,,,India,,,,pending,,,2026-07-12 09:00:51.693845+00
28,Rk,ramanujansrinivasan7@gmail.com,,,,Singapore,,,,pending,cash,,2026-07-12 10:43:22.741248+00
29,Shah Rukh Ghazaan,shahrukhghazaan@gmail.com,,,,Pakistan,,,,pending,cash,,2026-07-13 02:36:48.163234+00
30,Taras Zaets,zaetstaras13@gmail.com,,,,Russia,,,,pending,crypto,https://solscan.io/tx/2B9wr3f9CF9EfR5EyvQgUfzddUfMnN5MW5Qn7MBboB2C9NWbv19EKBMKDYDBTAakvQoTw3ts2cuQNpp31PSZGgvK,2026-07-13 03:22:36.85241+00
31,Irtiza Naseer,info.socialknocks@gmail.com,,,,Pakistan,,,,pending,cash,,2026-07-13 03:28:02.850982+00
32,anonymous,kwesi.strydom@protonmail.com,,,,,,kwesi_2807,964457738098843648,pending,,,2026-07-13 07:21:13.627298+00
33,Vishvesh Pandya,1515336124799779068@discord.ns,,,,India,,vishvesh0879,1515336124799779068,pending,,,2026-07-14 03:07:26.778819+00
34,Ekaterina Soboleva,sobolevakate125@gmail.com,,,,Russia,,katesoboleva,1459973274959089848,pending,cash,,2026-07-14 03:56:32.816536+00